{
  "time_points": [
    0.0,
    0.5,
    1.0,
    1.5,
    2.0,
    2.5,
    3.0,
    3.5,
    4.0,
    4.5,
    5.0,
    5.5,
    6.0,
    6.5,
    7.0,
    7.5,
    8.0,
    8.5,
    9.0,
    9.5,
    10.0,
    10.5,
    11.0,
    11.5,
    12.0,
    12.5,
    13.0,
    13.5,
    14.0,
    14.5,
    15.0,
    15.5,
    16.0,
    16.5,
    17.0,
    17.5,
    18.0,
    18.5,
    19.0,
    19.5,
    20.0,
    20.5,
    21.0,
    21.5,
    22.0,
    22.5,
    23.0,
    23.5,
    24.0,
    24.5,
    25.0,
    25.5,
    26.0,
    26.5,
    27.0,
    27.5,
    28.0,
    28.5,
    29.0,
    29.5,
    30.0,
    30.5,
    31.0,
    31.5,
    32.0,
    32.5,
    33.0,
    33.5,
    34.0,
    34.5,
    35.0,
    35.5,
    36.0,
    36.5,
    37.0,
    37.5,
    38.0,
    38.5,
    39.0,
    39.5,
    40.0,
    40.5,
    41.0,
    41.5,
    42.0,
    42.5,
    43.0,
    43.5,
    44.0,
    44.5,
    45.0,
    45.5,
    46.0,
    46.5,
    47.0,
    47.5,
    48.0,
    48.5,
    49.0,
    49.5,
    50.0,
    50.5,
    51.0,
    51.5,
    52.0,
    52.5,
    53.0,
    53.5,
    54.0,
    54.5,
    55.0,
    55.5,
    56.0,
    56.5,
    57.0,
    57.5,
    58.0,
    58.5,
    59.0,
    59.5
  ],
  "continuous_therapy": [
    0.31999999999999995,
    0.31934432200964,
    0.31871013970063233,
    0.31809674836071916,
    0.3175034663808589,
    0.31692963449781225,
    0.3163746150615596,
    0.3158377913267355,
    0.315318566767293,
    0.31481636441363436,
    0.31433062621147567,
    0.31386081240172875,
    0.3134064009207127,
    0.3129668868200302,
    0.3125417817054611,
    0.31213061319425267,
    0.3117329243902006,
    0.31134827337594007,
    0.31097623272188046,
    0.31061638901124033,
    0.31026834238065176,
    0.3099317060758281,
    0.3096061060217961,
    0.30929118040721815,
    0.3089865792823444,
    0.30869196417014166,
    0.3084070076901736,
    0.30813139319481186,
    0.3078648144173719,
    0.3076069751317852,
    0.3073575888234288,
    0.3071163783707468,
    0.30688307573730816,
    0.3066574216739616,
    0.30643916543075345,
    0.3062280644782919,
    0.3060238842382441,
    0.3058263978226693,
    0.30563538578189914,
    0.3054506358606802,
    0.30527194276231445,
    0.3050991079205302,
    0.30493193927883216,
    0.30477025107708605,
    0.3046138636450993,
    0.30446260320296864,
    0.3043163016679737,
    0.30417479646780154,
    0.30403793035989296,
    0.30390555125671365,
    0.30377751205675113,
    0.3036536704810547,
    0.30353388891513194,
    0.30341803425603037,
    0.3033059777644317,
    0.3031975949215938,
    0.30309276529098506,
    0.30299137238445273,
    0.3028933035327799,
    0.3027984497604862,
    0.30270670566473223,
    0.302617969298195,
    0.3025321420557817,
    0.3024491285650595,
    0.302368836580276,
    0.30229117687985374,
    0.3022160631672467,
    0.30214341197504613,
    0.30207314257223056,
    0.302005176874456,
    0.30193943935728806,
    0.3018758569722774,
    0.3018143590657882,
    0.30175487730048584,
    0.30169734557940037,
    0.30164169997247786,
    0.3015878786455416,
    0.30153582179157923,
    0.3014854715642866,
    0.3014367720137862,
    0.30138966902445596,
    0.30134411025479496,
    0.3013000450792607,
    0.3012574245320133,
    0.3012162012525043,
    0.3011763294328486,
    0.30113776476692206,
    0.30110046440112814,
    0.3010643868867784,
    0.301029492134034,
    0.3009957413673573,
    0.30096309708242386,
    0.3009315230044477,
    0.30090098404787113,
    0.3008714462773784,
    0.3008428768701855,
    0.3008152440795673,
    0.30078851719958016,
    0.30076266653094097,
    0.30073766334802465,
    0.30071347986694497,
    0.30069008921467894,
    0.30066746539920647,
    0.3006455832806273,
    0.30062441854322464,
    0.3006039476684463,
    0.30058414790876986,
    0.300564997262425,
    0.3005464744489458,
    0.3005285588855225,
    0.3005112306641302,
    0.3004944705294067,
    0.30047825985725607,
    0.3004625806341524,
    0.3004474154371232,
    0.3004327474143899,
    0.3004185602666397,
    0.30040483822891606,
    0.3003915660530982,
    0.3003787289909588
  ],
  "adaptive_therapy": [
    0.31934432200964,
    0.31871013970063233,
    0.31809674836071916,
    0.3175034663808589,
    0.31692963449781225,
    0.3163746150615596,
    0.3158377913267355,
    0.315318566767293,
    0.31481636441363436,
    0.31433062621147567,
    0.31386081240172875,
    0.3134064009207127,
    0.3129668868200302,
    0.3125417817054611,
    0.31213061319425267,
    0.3117329243902006,
    0.31134827337594007,
    0.31097623272188046,
    0.31061638901124033,
    0.31026834238065176,
    0.3099317060758281,
    0.3096061060217961,
    0.30929118040721815,
    0.3089865792823444,
    0.30869196417014166,
    0.3084070076901736,
    0.30813139319481186,
    0.3078648144173719,
    0.3076069751317852,
    0.3073575888234288,
    0.3071163783707468,
    0.30688307573730816,
    0.3066574216739616,
    0.30643916543075345,
    0.3062280644782919,
    0.3060238842382441,
    0.3058263978226693,
    0.30563538578189914,
    0.3054506358606802,
    0.30527194276231445,
    0.20327838995179937,
    0.20644930149683818,
    0.20951625819640401,
    0.2124826680957052,
    0.21535182751093856,
    0.2181269246922018,
    0.2208110433663218,
    0.22340716616353512,
    0.22591817793182817,
    0.22834686894262105,
    0.3060238842382441,
    0.3058263978226693,
    0.30563538578189914,
    0.3054506358606802,
    0.30527194276231445,
    0.3050991079205302,
    0.30493193927883216,
    0.30477025107708605,
    0.3046138636450993,
    0.30446260320296864,
    0.3043163016679737,
    0.30417479646780154,
    0.30403793035989296,
    0.30390555125671365,
    0.30377751205675113,
    0.3036536704810547,
    0.30353388891513194,
    0.30341803425603037,
    0.3033059777644317,
    0.3031975949215938,
    0.30309276529098506,
    0.30299137238445273,
    0.3028933035327799,
    0.3027984497604862,
    0.30270670566473223,
    0.302617969298195,
    0.3025321420557817,
    0.3024491285650595,
    0.302368836580276,
    0.30229117687985374,
    0.3022160631672467,
    0.30214341197504613,
    0.30207314257223056,
    0.302005176874456,
    0.30193943935728806,
    0.3018758569722774,
    0.3018143590657882,
    0.30175487730048584,
    0.30169734557940037,
    0.30164169997247786,
    0.3015878786455416,
    0.30153582179157923,
    0.3014854715642866,
    0.3014367720137862,
    0.30138966902445596,
    0.30134411025479496,
    0.3013000450792607,
    0.3012574245320133,
    0.3012162012525043,
    0.3011763294328486,
    0.30113776476692206,
    0.30110046440112814,
    0.3010643868867784,
    0.301029492134034,
    0.3009957413673573,
    0.30096309708242386,
    0.3009315230044477,
    0.30090098404787113,
    0.3008714462773784,
    0.3008428768701855,
    0.3008152440795673,
    0.30078851719958016,
    0.30076266653094097,
    0.30073766334802465,
    0.30071347986694497,
    0.30069008921467894,
    0.30066746539920647,
    0.3006455832806273,
    0.30062441854322464,
    0.3006039476684463
  ]
}