{
  "base_curvature": 0.29999999999999993,
  "dose_points": [
    0.0,
    0.1,
    0.2,
    0.30000000000000004,
    0.4,
    0.5,
    0.6000000000000001,
    0.7000000000000001,
    0.8,
    0.9,
    1.0,
    1.1,
    1.2000000000000002,
    1.3,
    1.4000000000000001,
    1.5,
    1.6,
    1.7000000000000002,
    1.8,
    1.9000000000000001,
    2.0,
    2.1,
    2.2,
    2.3000000000000003,
    2.4000000000000004,
    2.5,
    2.6,
    2.7,
    2.8000000000000003,
    2.9000000000000004,
    3.0
  ],
  "curves": {
    "Dichloroacetate (DCA)": [
      0.29999999999999993,
      0.29999999999999993,
      0.29999999999999993,
      0.29999999999999993,
      0.29999999999999993,
      0.29999999999999993,
      0.29999999999999993,
      0.29999999999999993,
      0.29999999999999993,
      0.3,
      0.29999999999999993,
      0.3,
      0.3,
      0.29999999999999993,
      0.3,
      0.29999999999999993,
      0.3000000000000001,
      0.3,
      0.29999999999999993,
      0.29999999999999993,
      0.2999999999999999,
      0.3,
      0.3,
      0.29999999999999993,
      0.3,
      0.3,
      0.3,
      0.3,
      0.29999999999999993,
      0.3,
      0.29999999999999993
    ],
    "Metformin": [
      0.29999999999999993,
      0.30199999999999994,
      0.30399999999999994,
      0.30599999999999994,
      0.3080000000000001,
      0.31000000000000005,
      0.312,
      0.3139999999999999,
      0.31600000000000006,
      0.318,
      0.32,
      0.32199999999999995,
      0.324,
      0.32599999999999996,
      0.32799999999999996,
      0.33,
      0.332,
      0.33399999999999996,
      0.33599999999999997,
      0.33799999999999997,
      0.33999999999999997,
      0.34199999999999997,
      0.3439999999999999,
      0.346,
      0.34800000000000003,
      0.35,
      0.352,
      0.354,
      0.356,
      0.358,
      0.36
    ],
    "2-Deoxyglucose (2-DG)": [
      0.29999999999999993,
      0.3025000000000001,
      0.30500000000000005,
      0.30749999999999994,
      0.31000000000000005,
      0.3125,
      0.31499999999999995,
      0.3174999999999999,
      0.31999999999999995,
      0.32249999999999995,
      0.3249999999999999,
      0.32749999999999996,
      0.32999999999999996,
      0.33249999999999996,
      0.33499999999999996,
      0.3374999999999999,
      0.33999999999999997,
      0.3424999999999999,
      0.34500000000000003,
      0.3474999999999999,
      0.35,
      0.3525,
      0.355,
      0.3575,
      0.36,
      0.36249999999999993,
      0.36499999999999994,
      0.36750000000000005,
      0.36999999999999994,
      0.37250000000000005,
      0.37499999999999994
    ],
    "CB-839 (Telaglenastat)": [
      0.29999999999999993,
      0.29999999999999993,
      0.29999999999999993,
      0.29999999999999993,
      0.29999999999999993,
      0.29999999999999993,
      0.29999999999999993,
      0.29999999999999993,
      0.29999999999999993,
      0.29999999999999993,
      0.29999999999999993,
      0.29999999999999993,
      0.29999999999999993,
      0.29999999999999993,
      0.29999999999999993,
      0.29999999999999993,
      0.29999999999999993,
      0.29999999999999993,
      0.29999999999999993,
      0.29999999999999993,
      0.29999999999999993,
      0.29999999999999993,
      0.29999999999999993,
      0.29999999999999993,
      0.29999999999999993,
      0.29999999999999993,
      0.29999999999999993,
      0.29999999999999993,
      0.29999999999999993,
      0.29999999999999993,
      0.29999999999999993
    ],
    "Entropic Heating (Hyperthermia)": [
      0.29999999999999993,
      0.2899999999999999,
      0.2799999999999999,
      0.27,
      0.25999999999999995,
      0.25,
      0.24,
      0.22999999999999998,
      0.21999999999999997,
      0.20999999999999996,
      0.19999999999999998,
      0.18999999999999997,
      0.17999999999999997,
      0.16999999999999998,
      0.15999999999999998,
      0.21688331518706835,
      0.2068833151870683,
      0.19688331518706828,
      0.1868833151870683,
      0.17688331518706826,
      0.19469720105157964,
      0.18469720105157963,
      0.17469720105157963,
      0.16469720105157962,
      0.1546972010515796,
      0.14469720105157974,
      0.1346972010515797,
      0.12469720105157968,
      0.11469720105157967,
      0.10469720105157966,
      0.14204580157736957
    ],
    "High-dose Vitamin C": [
      0.29999999999999993,
      0.29799999999999993,
      0.29599999999999993,
      0.29399999999999993,
      0.2919999999999999,
      0.2899999999999999,
      0.2879999999999999,
      0.2859999999999999,
      0.2839999999999999,
      0.2819999999999999,
      0.2799999999999999,
      0.2779999999999999,
      0.2759999999999999,
      0.2739999999999999,
      0.30444444444444435,
      0.3055555555555555,
      0.3066666666666666,
      0.3077777777777777,
      0.3088888888888888,
      0.30999999999999994,
      0.31111111111111106,
      0.3122222222222221,
      0.31333333333333324,
      0.3144444444444444,
      0.3155555555555555,
      0.3166666666666666,
      0.3177777777777777,
      0.31888888888888883,
      0.31999999999999995,
      0.321111111111111,
      0.3222222222222222
    ],
    "Anti-PD-1 (Pembrolizumab)": [
      0.29999999999999993,
      0.29999999999999993,
      0.29999999999999993,
      0.29999999999999993,
      0.29999999999999993,
      0.29999999999999993,
      0.29999999999999993,
      0.29999999999999993,
      0.29999999999999993,
      0.29999999999999993,
      0.29999999999999993,
      0.29999999999999993,
      0.29999999999999993,
      0.29999999999999993,
      0.29999999999999993,
      0.29999999999999993,
      0.29999999999999993,
      0.29999999999999993,
      0.29999999999999993,
      0.29999999999999993,
      0.29999999999999993,
      0.29999999999999993,
      0.29999999999999993,
      0.29999999999999993,
      0.29999999999999993,
      0.29999999999999993,
      0.29999999999999993,
      0.29999999999999993,
      0.29999999999999993,
      0.29999999999999993,
      0.29999999999999993
    ],
    "Anti-CTLA-4 (Ipilimumab)": [
      0.29999999999999993,
      0.29999999999999993,
      0.29999999999999993,
      0.29999999999999993,
      0.29999999999999993,
      0.29999999999999993,
      0.29999999999999993,
      0.29999999999999993,
      0.29999999999999993,
      0.29999999999999993,
      0.29999999999999993,
      0.29999999999999993,
      0.29999999999999993,
      0.29999999999999993,
      0.29999999999999993,
      0.29999999999999993,
      0.29999999999999993,
      0.29999999999999993,
      0.29999999999999993,
      0.29999999999999993,
      0.29999999999999993,
      0.29999999999999993,
      0.29999999999999993,
      0.29999999999999993,
      0.29999999999999993,
      0.29999999999999993,
      0.29999999999999993,
      0.29999999999999993,
      0.29999999999999993,
      0.29999999999999993,
      0.29999999999999993
    ],
    "Olaparib (PARP inhibitor)": [
      0.29999999999999993,
      0.2995000000000001,
      0.299,
      0.29850000000000004,
      0.29799999999999993,
      0.2975,
      0.297,
      0.2965,
      0.2960000000000001,
      0.2954999999999999,
      0.29500000000000004,
      0.2945,
      0.29400000000000004,
      0.29350000000000004,
      0.29299999999999987,
      0.2925000000000001,
      0.2920000000000001,
      0.2915,
      0.29100000000000004,
      0.29050000000000004,
      0.29,
      0.2895,
      0.289,
      0.2884999999999999,
      0.288,
      0.2875,
      0.2869999999999999,
      0.31888888888888883,
      0.32,
      0.3211111111111111,
      0.32222222222222224
    ],