{
  "calibrated_params": {
    "base_force": 0.375,
    "exhaustion_rate": 0.2,
    "treg_load": 0.5,
    "noise_scale": 0.1875
  },
  "results": {
    "TNBC": {
      "Standard of Care": {
        "final_distance": 0.7073185364374128,
        "cured": true,
        "min_curvature": 0.29999999999999993,
        "max_escape_rate": 0.23841819155097227,
        "final_state": [
          0.12307516611672695,
          0.21697477252846162,
          0.37753028283349516,
          0.2590771896024188,
          0.020218358309593114,
          -0.22098356484285753,
          0.07112871472233707,
          0.3058876619102514,
          0.2242523645685934,
          0.17397029115895013
        ]
      },
      "Geometric Cure": {
        "final_distance": 0.8750832320456887,
        "cured": true,
        "min_curvature": 0.21999999999999992,
        "max_escape_rate": 0.20936240894324665,
        "final_state": [
          0.2605615127603266,
          0.19418402796197692,
          0.5736742756849296,
          0.16550068039821728,
          -0.08773078394434636,
          -0.3182808590646981,
          0.06677646963835074,
          0.3191358203520781,
          0.23261459879071344,
          0.18510148180651498
        ]
      }
    },
    "PDAC": {
      "Standard of Care": {
        "final_distance": 0.744957572515517,
        "cured": true,
        "min_curvature": 0.30499999999999994,
        "max_escape_rate": 0.2106378101035042,
        "final_state": [
          -0.08422449355673252,
          0.2032790467033219,
          0.29818198942244195,
          0.42297238841515306,
          -0.006367367293313046,
          -0.27916371278379704,
          0.0844553628012513,
          0.31520520741876973,
          0.19483332123153602,
          0.12770094938477994
        ]
      },
      "Geometric Cure": {
        "final_distance": 0.912242599814204,
        "cured": true,
        "min_curvature": 0.22500000000000003,
        "max_escape_rate": 0.19791858203744558,
        "final_state": [
          0.01506946326565374,
          0.16440801383134196,
          0.5574803096370329,
          0.33432776878847703,
          -0.1670816045253913,
          -0.4235822858282834,
          0.08282351685007644,
          0.3326486474422715,
          0.20954616477217083,
          0.11665100242606948
        ]
      }
    },
    "NSCLC": {
      "Standard of Care": {
        "final_distance": 0.8400227868608382,
        "cured": true,
        "min_curvature": 0.33999999999999997,
        "max_escape_rate": 0.2068213247631409,
        "final_state": [
          0.24474748238454905,
          0.32478352398342153,
          0.538073526536862,
          0.1502353949884541,
          0.08401977591518917,
          -0.20662438702973973,
          0.05232254805770399,
          0.3116227831722194,
          0.1996122834826289,
          0.19675972450930562
        ]
      },
      "Geometric Cure": {
        "final_distance": 0.9926054894004555,
        "cured": true,
        "min_curvature": 0.2600000000000001,
        "max_escape_rate": 0.20492461389084046,
        "final_state": [
          0.3579010141399951,
          0.3063598265366214,
          0.6948752068754234,
          0.05847967797309919,
          -0.003527580040115219,
          -0.27971898898991393,
          0.049597456366420524,
          0.3260609490758072,
          0.21179880521634328,
          0.21249755711571722
        ]
      }
    },
    "Melanoma": {
      "Standard of Care": {
        "final_distance": 0.7943364244697585,
        "cured": true,
        "min_curvature": 0.35,
        "max_escape_rate": 0.2324606995968638,
        "final_state": [
          0.2102682649822076,
          0.2179404537525957,
          0.5305321973682782,
          0.09878816993953751,
          0.09626565612311153,
          -0.18818900902161834,
          0.04079338627213151,
          0.3118667816089764,
          0.20000447479382102,
          0.253824932181368
        ]
      },
      "Geometric Cure": {
        "final_distance": 0.9535767235505457,
        "cured": true,
        "min_curvature": 0.27,
        "max_escape_rate": 0.24759900103686006,
        "final_state": [
          0.35159074374961874,
          0.21223742122726352,
          0.6681702877035668,
          0.014044891638654751,
          0.02073314599249642,
          -0.23833189950246214,
          0.03772978942357323,
          0.32650334347222715,
          0.21220015815106383,
          0.2893270920528381
        ]
      }
    },
    "GBM": {
      "Standard of Care": {
        "final_distance": 0.7376996575370199,
        "cured": true,
        "min_curvature": 0.30999999999999994,
        "max_escape_rate": 0.19555802292192276,
        "final_state": [
          0.19360146117888433,
          0.21892654429428773,
          0.4266037670407711,
          0.20911941773370685,
          0.028903362430205935,
          -0.20297168218355877,
          0.03776081669181796,
          0.3169350502121652,
          0.23506975837949848,
          0.1841312506700738
        ]
      },
      "Geometric Cure": {
        "final_distance": 0.9224032734332693,
        "cured": true,
        "min_curvature": 0.25555555555555554,
        "max_escape_rate": 0.20524956895014732,
        "final_state": [
          0.3588294673065665,
          0.207162515416909,
          0.6208640820102906,
          0.11332219916166364,
          -0.06641423142991695,
          -0.26130021055303554,
          0.033773010619138996,
          0.32957418606811134,
          0.2430973882134505,
          0.1982272044631911
        ]
      }
    },
    "CRC": {
      "Standard of Care": {
        "final_distance": 0.6580085798405467,
        "cured": true,
        "min_curvature": 0.323,
        "max_escape_rate": 0.2408073639561592,
        "final_state": [
          0.0670010825275526,
          0.2154034813825526,
          0.34073546037283364,
          0.23584124023420033,
          0.060808848469570055,
          -0.18401481118059915,
          0.04905883641358086,
          0.30587439510560926,
          0.21450207203764057,
          0.17558337345986993
        ]
      },
      "Geometric Cure": {
        "final_distance": 0.7662773570382362,
        "cured": true,
        "min_curvature": 0.24299999999999994,
        "max_escape_rate": 0.22592587627070473,
        "final_state": [
          0.14766698444547038,
          0.19233785523031272,
          0.5040385854969701,
          0.15232966795880432,
          -0.03943957332190461,
          -0.24223564413913037,
          0.04532935986708726,
          0.32086051393905735,
          0.22594561469228516,
          0.18663104603543057
        ]
      }
    }
  },
  "summary": {
    "geometric_cures": 6,
    "standard_cures": 6,
    "total_cancers": 6
  }
}