{
  "schema": "pdac-rogue-closure/v1",
  "claim": "PDAC persistence is modeled as rogue closure maintained by RAS drive, bypass signaling, surface shielding, stromal shielding, immune exclusion, and resistance.",
  "guardrail": "Hypothesis generator only; not a clinical predictor or treatment recommendation.",
  "summaries": [
    {
      "scenario": "adaptive_closure",
      "days": 180.0,
      "initial_tumor": 0.62,
      "final_tumor": 0.5655459261138787,
      "peak_tumor": 0.6224086695166032,
      "initial_rogue_closure": 0.4661255834882895,
      "final_rogue_closure": 0.5086348672151295,
      "mean_rogue_closure": 0.4955264167730946,
      "final_resistance": 0.4242946551323119,
      "final_glyco_shield": 0.8319648228864436,
      "final_stroma": 0.8083939796276134,
      "final_immune": 0.48069126915970334,
      "final_host_access": 0.2819069064070127,
      "min_host_access": 0.2756870687348677
    },
    {
      "scenario": "closure_stack",
      "days": 180.0,
      "initial_tumor": 0.62,
      "final_tumor": 0.00631323615938712,
      "peak_tumor": 0.62,
      "initial_rogue_closure": 0.450210451368114,
      "final_rogue_closure": 0.0,
      "mean_rogue_closure": 0.1428598931236944,
      "final_resistance": 0.17133708979992243,
      "final_glyco_shield": 0.03681317594242524,
      "final_stroma": 0.04916975384887667,
      "final_immune": 0.606974240896625,
      "final_host_access": 0.8843279376052019,
      "min_host_access": 0.34734282737061484
    },
    {
      "scenario": "ras_only",
      "days": 180.0,
      "initial_tumor": 0.62,
      "final_tumor": 0.7828026988032826,
      "peak_tumor": 0.7828026988032826,
      "initial_rogue_closure": 0.46926200416811403,
      "final_rogue_closure": 0.7454593555069167,
      "mean_rogue_closure": 0.600348317596704,
      "final_resistance": 0.7739895243269389,
      "final_glyco_shield": 1.0,
      "final_stroma": 1.0,
      "final_immune": 0.18468359010326532,
      "final_host_access": 0.24390243902439027,
      "min_host_access": 0.24390243902439027
    },
    {
      "scenario": "triple_driver",
      "days": 180.0,
      "initial_tumor": 0.62,
      "final_tumor": 0.1399769995750257,
      "peak_tumor": 0.62,
      "initial_rogue_closure": 0.44773794496811403,
      "final_rogue_closure": 0.31411541205567556,
      "mean_rogue_closure": 0.3696869079747213,
      "final_resistance": 0.5316869287380803,
      "final_glyco_shield": 0.7927755527116126,
      "final_stroma": 0.5239929132922495,
      "final_immune": 0.5065962814355186,
      "final_host_access": 0.3231281232053448,
      "min_host_access": 0.2919418050893542
    },
    {
      "scenario": "untreated",
      "days": 180.0,
      "initial_tumor": 0.62,
      "final_tumor": 1.3054742581530792,
      "peak_tumor": 1.3054742581530792,
      "initial_rogue_closure": 0.4742300041681141,
      "final_rogue_closure": 0.8562909883024361,
      "mean_rogue_closure": 0.7572737664907131,
      "final_resistance": 0.03894018047680148,
      "final_glyco_shield": 1.0,
      "final_stroma": 1.0,
      "final_immune": 0.0,
      "final_host_access": 0.24390243902439027,
      "min_host_access": 0.24390243902439027
    }
  ]
}